<?xml version="1.0" encoding="UTF-8"?>
<project-private xmlns="http://www.netbeans.org/ns/project-private/1">
    <editor-bookmarks xmlns="http://www.netbeans.org/ns/editor-bookmarks/2" lastBookmarkId="0"/>
    <open-files xmlns="http://www.netbeans.org/ns/projectui-open-files/2">
        <group>
            <file>file:/C:/Users/LAB01-NORTE/Downloads/JClase22_16_10_2024/ProyectoS22/src/Controlador/Principal.java</file>
            <file>file:/C:/Users/LAB01-NORTE/Downloads/JClase22_16_10_2024/ProyectoS22/src/Models/Producto.java</file>
        </group>
    </open-files>
</project-private>
